Unnamed: 0,Word,Song,Word Length,Number of Vowels,Frequency,Pronoun,Overall Frequency,Song Frequency
0,lately,Personal Lies,6,2,1,False,1,1
1,i,Personal Lies,1,1,67,True,67,22
2,feel,Personal Lies,4,2,2,False,2,2
3,like,Personal Lies,4,2,5,False,5,1
4,i've,Personal Lies,4,2,1,True,1,1
5,been,Personal Lies,4,2,1,False,1,1
6,losing,Personal Lies,6,2,1,False,1,1
7,my,Personal Lies,2,0,33,True,33,14
8,mind,Personal Lies,4,1,7,False,7,5
9,i'm,Personal Lies,3,1,13,True,13,5
10,acting,Personal Lies,6,2,1,False,1,1
11,funny,Personal Lies,5,1,1,False,1,1
12,i,Personal Lies,1,1,67,True,67,22
13,keep,Personal Lies,4,2,2,False,2,1
14,refilling,Personal Lies,9,3,1,False,1,1
15,my,Personal Lies,2,0,33,True,33,14
16,wine,Personal Lies,4,2,1,False,1,1
17,i,Personal Lies,1,1,67,True,67,22
18,fail,Personal Lies,4,2,1,False,1,1
19,to,Personal Lies,2,1,24,False,24,4
20,notice,Personal Lies,6,3,1,False,1,1
21,when,Personal Lies,4,1,8,False,8,5
22,i,Personal Lies,1,1,67,True,67,22
23,blew,Personal Lies,4,1,1,False,1,1
24,past,Personal Lies,4,1,1,False,1,1
25,my,Personal Lies,2,0,33,True,33,14
26,limit,Personal Lies,5,2,2,False,2,2
27,and,Personal Lies,3,1,19,False,19,4
28,then,Personal Lies,4,1,3,False,3,1
29,i,Personal Lies,1,1,67,True,67,22
30,lied,Personal Lies,4,2,1,False,1,1
31,about,Personal Lies,5,3,3,False,3,1
32,it,Personal Lies,2,1,21,False,21,5
33,said,Personal Lies,4,2,2,False,2,1
34,i,Personal Lies,1,1,67,True,67,22
35,didn't,Personal Lies,6,1,2,False,2,2
36,i'm,Personal Lies,3,1,13,True,13,5
37,writing,Personal Lies,7,2,1,False,1,1
38,words,Personal Lies,5,1,1,False,1,1
39,that,Personal Lies,4,1,15,False,15,7
40,didn't,Personal Lies,6,1,2,False,2,2
41,come,Personal Lies,4,2,1,False,1,1
42,to,Personal Lies,2,1,24,False,24,4
43,my,Personal Lies,2,0,33,True,33,14
44,head,Personal Lies,4,2,4,False,4,2
45,i'm,Personal Lies,3,1,13,True,13,5
46,pushing,Personal Lies,7,2,1,False,1,1
47,pennies,Personal Lies,7,3,1,False,1,1
48,in,Personal Lies,2,1,17,False,17,1
49,my,Personal Lies,2,0,33,True,33,14
50,paperback,Personal Lies,9,3,1,False,1,1
51,instead,Personal Lies,7,3,1,False,1,1
52,when,Personal Lies,4,1,8,False,8,5
53,someone,Personal Lies,7,4,2,True,2,1
54,calls,Personal Lies,5,1,1,False,1,1
55,me,Personal Lies,2,1,21,True,21,4
56,i'm,Personal Lies,3,1,13,True,13,5
57,most,Personal Lies,4,1,1,False,1,1
58,likely,Personal Lies,6,2,1,False,1,1
59,to,Personal Lies,2,1,24,False,24,4
60,ignore,Personal Lies,6,3,1,False,1,1
61,cause,Personal Lies,5,3,4,False,4,1
62,recall,Personal Lies,6,2,1,False,1,1
63,that,Personal Lies,4,1,15,False,15,7
64,limit,Personal Lies,5,2,2,False,2,2
65,that,Personal Lies,4,1,15,False,15,7
66,i,Personal Lies,1,1,67,True,67,22
67,missed,Personal Lies,6,2,1,False,1,1
68,before,Personal Lies,6,3,1,False,1,1
69,she's,Personal Lies,5,1,11,True,11,10
70,moving,Personal Lies,6,2,7,False,7,4
71,faster,Personal Lies,6,2,9,False,9,8
72,now,Personal Lies,3,1,10,False,10,7
73,faster,Personal Lies,6,2,9,False,9,8
74,than,Personal Lies,4,1,5,False,5,4
75,sound,Personal Lies,5,2,5,False,5,4
76,itself,Personal Lies,6,2,4,True,4,4
77,yeah,Personal Lies,4,2,3,False,3,2
78,she's,Personal Lies,5,1,11,True,11,10
79,got,Personal Lies,3,1,7,False,7,6
80,me,Personal Lies,2,1,21,True,21,4
81,slipping,Personal Lies,8,2,3,False,3,3
82,when,Personal Lies,4,1,8,False,8,5
83,i,Personal Lies,1,1,67,True,67,22
84,told,Personal Lies,4,1,2,False,2,2
85,her,Personal Lies,3,1,2,True,2,2
86,what,Personal Lies,4,1,3,False,3,3
87,was,Personal Lies,3,1,4,False,4,1
88,on,Personal Lies,2,1,11,False,11,4
89,my,Personal Lies,2,0,33,True,33,14
90,mind,Personal Lies,4,1,7,False,7,5
91,that,Personal Lies,4,1,15,False,15,7
92,she's,Personal Lies,5,1,11,True,11,10
93,mysterious,Personal Lies,10,4,5,False,5,5
94,i,Personal Lies,1,1,67,True,67,22
95,caught,Personal Lies,6,2,1,False,1,1
96,a,Personal Lies,1,1,21,False,21,1
97,current,Personal Lies,7,2,1,False,1,1
98,and,Personal Lies,3,1,19,False,19,4
99,i'm,Personal Lies,3,1,13,True,13,5
100,floatin,Personal Lies,7,3,1,False,1,1
101,away,Personal Lies,4,2,1,False,1,1
102,i,Personal Lies,1,1,67,True,67,22
103,feel,Personal Lies,4,2,2,False,2,2
104,it,Personal Lies,2,1,21,False,21,5
105,right,Personal Lies,5,1,5,False,5,5
106,behind,Personal Lies,6,2,2,False,2,2
107,my,Personal Lies,2,0,33,True,33,14
108,mind,Personal Lies,4,1,7,False,7,5
109,my,Personal Lies,2,0,33,True,33,14
110,head,Personal Lies,4,2,4,False,4,2
111,my,Personal Lies,2,0,33,True,33,14
112,brain,Personal Lies,5,2,1,False,1,1
113,is,Personal Lies,2,1,10,False,10,5
114,that,Personal Lies,4,1,15,False,15,7
115,my,Personal Lies,2,0,33,True,33,14
116,tears,Personal Lies,5,2,1,False,1,1
117,or,Personal Lies,2,1,2,False,2,2
118,is,Personal Lies,2,1,10,False,10,5
119,it,Personal Lies,2,1,21,False,21,5
120,right,Personal Lies,5,1,5,False,5,5
121,behind,Personal Lies,6,2,2,False,2,2
122,my,Personal Lies,2,0,33,True,33,14
123,eyes,Personal Lies,4,2,1,False,1,1
124,sooner,Personal Lies,6,3,1,False,1,1
125,or,Personal Lies,2,1,2,False,2,2
126,later,Personal Lies,5,2,1,False,1,1
127,will,Personal Lies,4,1,2,False,2,1
128,i,Personal Lies,1,1,67,True,67,22
129,realize,Personal Lies,7,4,1,False,1,1
130,fake,Personal Lies,4,2,1,False,1,1
131,aggravation,Personal Lies,11,5,1,False,1,1
132,is,Personal Lies,2,1,10,False,10,5
133,your,Personal Lies,4,2,4,True,4,1
134,way,Personal Lies,3,1,3,False,3,2
135,to,Personal Lies,2,1,24,False,24,4
136,be,Personal Lies,2,1,6,False,6,1
137,seen,Personal Lies,4,2,1,False,1,1
138,you,Personal Lies,3,2,52,True,52,19
139,summon,Personal Lies,6,2,1,False,1,1
140,every,Personal Lies,5,2,2,False,2,1
141,single,Personal Lies,6,2,2,False,2,1
142,muscle,Personal Lies,6,2,1,False,1,1
143,on,Personal Lies,2,1,11,False,11,4
144,the,Personal Lies,3,1,31,False,31,5
145,team,Personal Lies,4,2,2,False,2,1
146,you,Personal Lies,3,2,52,True,52,19
147,need,Personal Lies,4,2,3,False,3,1
148,attention,Personal Lies,9,4,1,False,1,1
149,well,Personal Lies,4,1,2,False,2,2
150,baby,Personal Lies,4,1,2,False,2,2
151,there's,Personal Lies,7,2,4,False,4,1
152,the,Personal Lies,3,1,31,False,31,5
153,line,Personal Lies,4,2,1,False,1,1
154,signed,Personal Lies,6,2,1,False,1,1
155,sealed,Personal Lies,6,3,2,False,2,1
156,delivered,Personal Lies,9,4,1,False,1,1
157,plus,Personal Lies,4,1,1,False,1,1
158,my,Personal Lies,2,0,33,True,33,14
159,overtime,Personal Lies,8,4,1,False,1,1
160,she's,Personal Lies,5,1,11,True,11,10
161,moving,Personal Lies,6,2,7,False,7,4
162,faster,Personal Lies,6,2,9,False,9,8
163,now,Personal Lies,3,1,10,False,10,7
164,faster,Personal Lies,6,2,9,False,9,8
165,than,Personal Lies,4,1,5,False,5,4
166,sound,Personal Lies,5,2,5,False,5,4
167,itself,Personal Lies,6,2,4,True,4,4
168,yeah,Personal Lies,4,2,3,False,3,2
169,she's,Personal Lies,5,1,11,True,11,10
170,got,Personal Lies,3,1,7,False,7,6
171,me,Personal Lies,2,1,21,True,21,4
172,slipping,Personal Lies,8,2,3,False,3,3
173,when,Personal Lies,4,1,8,False,8,5
174,i,Personal Lies,1,1,67,True,67,22
175,told,Personal Lies,4,1,2,False,2,2
176,her,Personal Lies,3,1,2,True,2,2
177,what,Personal Lies,4,1,3,False,3,3
178,is,Personal Lies,2,1,10,False,10,5
179,on,Personal Lies,2,1,11,False,11,4
180,my,Personal Lies,2,0,33,True,33,14
181,mind,Personal Lies,4,1,7,False,7,5
182,that,Personal Lies,4,1,15,False,15,7
183,she's,Personal Lies,5,1,11,True,11,10
184,mysterious,Personal Lies,10,4,5,False,5,5
185,mysterious,Personal Lies,10,4,5,False,5,5
186,and,Personal Lies,3,1,19,False,19,4
187,now,Personal Lies,3,1,10,False,10,7
188,i,Personal Lies,1,1,67,True,67,22
189,know,Personal Lies,4,1,10,False,10,7
190,it,Personal Lies,2,1,21,False,21,5
191,she's,Personal Lies,5,1,11,True,11,10
192,moving,Personal Lies,6,2,7,False,7,4
193,faster,Personal Lies,6,2,9,False,9,8
194,now,Personal Lies,3,1,10,False,10,7
195,she's,Personal Lies,5,1,11,True,11,10
196,moving,Personal Lies,6,2,7,False,7,4
197,faster,Personal Lies,6,2,9,False,9,8
198,now,Personal Lies,3,1,10,False,10,7
199,faster,Personal Lies,6,2,9,False,9,8
200,than,Personal Lies,4,1,5,False,5,4
201,sound,Personal Lies,5,2,5,False,5,4
202,itself,Personal Lies,6,2,4,True,4,4
203,faster,Personal Lies,6,2,9,False,9,8
204,than,Personal Lies,4,1,5,False,5,4
205,sound,Personal Lies,5,2,5,False,5,4
206,itself,Personal Lies,6,2,4,True,4,4
207,well,Personal Lies,4,1,2,False,2,2
208,she's,Personal Lies,5,1,11,True,11,10
209,got,Personal Lies,3,1,7,False,7,6
210,me,Personal Lies,2,1,21,True,21,4
211,slipping,Personal Lies,8,2,3,False,3,3
212,when,Personal Lies,4,1,8,False,8,5
213,i,Personal Lies,1,1,67,True,67,22
214,don't,Personal Lies,5,1,12,False,12,5
215,know,Personal Lies,4,1,10,False,10,7
216,what,Personal Lies,4,1,3,False,3,3
217,is,Personal Lies,2,1,10,False,10,5
218,on,Personal Lies,2,1,11,False,11,4
219,my,Personal Lies,2,0,33,True,33,14
220,mind,Personal Lies,4,1,7,False,7,5
221,that,Personal Lies,4,1,15,False,15,7
222,she's,Personal Lies,5,1,11,True,11,10
223,mysterious,Personal Lies,10,4,5,False,5,5
224,mysterious,Personal Lies,10,4,5,False,5,5
225,and,Personal Lies,3,1,19,False,19,4
226,now,Personal Lies,3,1,10,False,10,7
227,i,Personal Lies,1,1,67,True,67,22
228,know,Personal Lies,4,1,10,False,10,7
229,it,Personal Lies,2,1,21,False,21,5
230,do,Personal Lies,2,1,15,False,15,13
231,you,Personal Lies,3,2,52,True,52,19
232,care,Personal Lies,4,2,18,False,18,17
233,do,Personal Lies,2,1,15,False,15,13
234,you,Personal Lies,3,2,52,True,52,19
235,care,Personal Lies,4,2,18,False,18,17
236,do,Personal Lies,2,1,15,False,15,13
237,you,Personal Lies,3,2,52,True,52,19
238,care,Personal Lies,4,2,18,False,18,17
239,not,Personal Lies,3,1,19,False,19,19
240,at,Personal Lies,2,1,21,False,21,19
241,all,Personal Lies,3,1,21,False,21,19
242,do,Personal Lies,2,1,15,False,15,13
243,you,Personal Lies,3,2,52,True,52,19
244,not,Personal Lies,3,1,19,False,19,19
245,at,Personal Lies,2,1,21,False,21,19
246,all,Personal Lies,3,1,21,False,21,19
247,care,Personal Lies,4,2,18,False,18,17
248,no,Personal Lies,2,1,8,False,8,5
249,not,Personal Lies,3,1,19,False,19,19
250,at,Personal Lies,2,1,21,False,21,19
251,all,Personal Lies,3,1,21,False,21,19
252,do,Personal Lies,2,1,15,False,15,13
253,you,Personal Lies,3,2,52,True,52,19
254,not,Personal Lies,3,1,19,False,19,19
255,at,Personal Lies,2,1,21,False,21,19
256,all,Personal Lies,3,1,21,False,21,19
257,care,Personal Lies,4,2,18,False,18,17
258,not,Personal Lies,3,1,19,False,19,19
259,at,Personal Lies,2,1,21,False,21,19
260,all,Personal Lies,3,1,21,False,21,19
261,do,Personal Lies,2,1,15,False,15,13
262,you,Personal Lies,3,2,52,True,52,19
263,not,Personal Lies,3,1,19,False,19,19
264,at,Personal Lies,2,1,21,False,21,19
265,all,Personal Lies,3,1,21,False,21,19
266,care,Personal Lies,4,2,18,False,18,17
267,no,Personal Lies,2,1,8,False,8,5
268,not,Personal Lies,3,1,19,False,19,19
269,at,Personal Lies,2,1,21,False,21,19
270,all,Personal Lies,3,1,21,False,21,19
271,do,Personal Lies,2,1,15,False,15,13
272,you,Personal Lies,3,2,52,True,52,19
273,not,Personal Lies,3,1,19,False,19,19
274,at,Personal Lies,2,1,21,False,21,19
275,all,Personal Lies,3,1,21,False,21,19
276,care,Personal Lies,4,2,18,False,18,17
277,not,Personal Lies,3,1,19,False,19,19
278,at,Personal Lies,2,1,21,False,21,19
279,all,Personal Lies,3,1,21,False,21,19
280,you,Personal Lies,3,2,52,True,52,19
281,know,Personal Lies,4,1,10,False,10,7
282,i,Personal Lies,1,1,67,True,67,22
283,really,Personal Lies,6,2,6,False,6,4
284,don't,Personal Lies,5,1,12,False,12,5
285,care,Personal Lies,4,2,18,False,18,17
286,do,Personal Lies,2,1,15,False,15,13
287,you,Personal Lies,3,2,52,True,52,19
288,care,Personal Lies,4,2,18,False,18,17
289,not,Personal Lies,3,1,19,False,19,19
290,at,Personal Lies,2,1,21,False,21,19
291,all,Personal Lies,3,1,21,False,21,19
292,i,Personal Lies,1,1,67,True,67,22
293,got,Personal Lies,3,1,7,False,7,6
294,the,Personal Lies,3,1,31,False,31,5
295,feeling,Personal Lies,7,3,1,False,1,1
296,right,Personal Lies,5,1,5,False,5,5
297,here,Personal Lies,4,2,3,False,3,3
298,no,Personal Lies,2,1,8,False,8,5
299,not,Personal Lies,3,1,19,False,19,19
300,at,Personal Lies,2,1,21,False,21,19
301,all,Personal Lies,3,1,21,False,21,19
302,do,Personal Lies,2,1,15,False,15,13
303,you,Personal Lies,3,2,52,True,52,19
304,care,Personal Lies,4,2,18,False,18,17
305,you,Personal Lies,3,2,52,True,52,19
306,know,Personal Lies,4,1,10,False,10,7
307,i,Personal Lies,1,1,67,True,67,22
308,really,Personal Lies,6,2,6,False,6,4
309,don't,Personal Lies,5,1,12,False,12,5
310,care,Personal Lies,4,2,18,False,18,17
311,not,Personal Lies,3,1,19,False,19,19
312,at,Personal Lies,2,1,21,False,21,19
313,all,Personal Lies,3,1,21,False,21,19
314,you,Personal Lies,3,2,52,True,52,19
315,know,Personal Lies,4,1,10,False,10,7
316,i,Personal Lies,1,1,67,True,67,22
317,really,Personal Lies,6,2,6,False,6,4
318,don't,Personal Lies,5,1,12,False,12,5
319,care,Personal Lies,4,2,18,False,18,17
320,not,Personal Lies,3,1,19,False,19,19
321,at,Personal Lies,2,1,21,False,21,19
322,all,Personal Lies,3,1,21,False,21,19
323,do,Personal Lies,2,1,15,False,15,13
324,you,Personal Lies,3,2,52,True,52,19
325,care,Personal Lies,4,2,18,False,18,17
326,not,Personal Lies,3,1,19,False,19,19
327,at,Personal Lies,2,1,21,False,21,19
328,all,Personal Lies,3,1,21,False,21,19
329,i,Personal Lies,1,1,67,True,67,22
330,got,Personal Lies,3,1,7,False,7,6
331,those,Personal Lies,5,2,1,False,1,1
332,feelings,Personal Lies,8,3,2,False,2,2
333,right,Personal Lies,5,1,5,False,5,5
334,here,Personal Lies,4,2,3,False,3,3
335,no,Personal Lies,2,1,8,False,8,5
336,not,Personal Lies,3,1,19,False,19,19
337,at,Personal Lies,2,1,21,False,21,19
338,all,Personal Lies,3,1,21,False,21,19
339,the,Personal Lies,3,1,31,False,31,5
340,safe,Personal Lies,4,2,1,False,1,1
341,way,Personal Lies,3,1,3,False,3,2
342,we,Personal Lies,2,1,3,True,3,1
343,appear,Personal Lies,6,3,1,False,1,1
344,do,Personal Lies,2,1,15,False,15,13
345,you,Personal Lies,3,2,52,True,52,19
346,care,Personal Lies,4,2,18,False,18,17
347,not,Personal Lies,3,1,19,False,19,19
348,at,Personal Lies,2,1,21,False,21,19
349,all,Personal Lies,3,1,21,False,21,19
350,oh,Personal Lies,2,1,11,False,11,1
351,baby,Personal Lies,4,1,2,False,2,2
352,now,Personal Lies,3,1,10,False,10,7
353,that's,Personal Lies,6,1,4,False,4,1
354,alright,Personal Lies,7,2,1,False,1,1
355,not,Personal Lies,3,1,19,False,19,19
356,at,Personal Lies,2,1,21,False,21,19
357,all,Personal Lies,3,1,21,False,21,19
358,you,Personal Lies,3,2,52,True,52,19
359,know,Personal Lies,4,1,10,False,10,7
360,i,Personal Lies,1,1,67,True,67,22
361,really,Personal Lies,6,2,6,False,6,4
362,don't,Personal Lies,5,1,12,False,12,5
363,care,Personal Lies,4,2,18,False,18,17
364,do,Personal Lies,2,1,15,False,15,13
365,you,Personal Lies,3,2,52,True,52,19
366,care,Personal Lies,4,2,18,False,18,17
367,not,Personal Lies,3,1,19,False,19,19
368,at,Personal Lies,2,1,21,False,21,19
369,all,Personal Lies,3,1,21,False,21,19
370,i,Personal Lies,1,1,67,True,67,22
371,got,Personal Lies,3,1,7,False,7,6
372,the,Personal Lies,3,1,31,False,31,5
373,feelings,Personal Lies,8,3,2,False,2,2
374,right,Personal Lies,5,1,5,False,5,5
375,here,Personal Lies,4,2,3,False,3,3
376,no,Personal Lies,2,1,8,False,8,5
377,not,Personal Lies,3,1,19,False,19,19
378,at,Personal Lies,2,1,21,False,21,19
379,all,Personal Lies,3,1,21,False,21,19
380,do,Personal Lies,2,1,15,False,15,13
381,you,Personal Lies,3,2,52,True,52,19
382,care,Personal Lies,4,2,18,False,18,17
383,i,Half Life,1,1,67,True,67,22
384,fight,Half Life,5,1,1,False,1,1
385,the,Half Life,3,1,31,False,31,7
386,urge,Half Life,4,2,1,False,1,1
387,to,Half Life,2,1,24,False,24,3
388,search,Half Life,6,2,1,False,1,1
389,my,Half Life,2,0,33,True,33,2
390,name,Half Life,4,2,1,False,1,1
391,there's,Half Life,7,2,4,False,4,1
392,a,Half Life,1,1,21,False,21,5
393,better,Half Life,6,2,1,False,1,1
394,me,Half Life,2,1,21,True,21,7
395,i,Half Life,1,1,67,True,67,22
396,swear,Half Life,5,2,1,False,1,1
397,but,Half Life,3,1,3,False,3,1
398,curiosity,Half Life,9,4,1,False,1,1
399,i,Half Life,1,1,67,True,67,22
400,see,Half Life,3,2,5,False,5,5
401,i,Half Life,1,1,67,True,67,22
402,let,Half Life,3,1,3,False,3,2
403,my,Half Life,2,0,33,True,33,2
404,ego,Half Life,3,2,1,False,1,1
405,get,Half Life,3,1,3,False,3,1
406,the,Half Life,3,1,31,False,31,7
407,best,Half Life,4,1,2,False,2,2
408,of,Half Life,2,1,13,False,13,3
409,me,Half Life,2,1,21,True,21,7
410,in,Half Life,2,1,17,False,17,5
411,the,Half Life,3,1,31,False,31,7
412,age,Half Life,3,2,1,False,1,1
413,of,Half Life,2,1,13,False,13,3
414,excess,Half Life,6,2,1,False,1,1
415,less,Half Life,4,1,1,False,1,1
416,may,Half Life,3,1,1,False,1,1
417,be,Half Life,2,1,6,False,6,2
418,best,Half Life,4,1,2,False,2,2
419,for,Half Life,3,1,11,False,11,3
420,me,Half Life,2,1,21,True,21,7
421,god,Half Life,3,1,7,False,7,2
422,it,Half Life,2,1,21,False,21,6
423,makes,Half Life,5,2,1,False,1,1
424,me,Half Life,2,1,21,True,21,7
425,sad,Half Life,3,1,1,False,1,1
426,we're,Half Life,5,2,2,True,2,1
427,the,Half Life,3,1,31,False,31,7
428,last,Half Life,4,1,2,False,2,1
429,to,Half Life,2,1,24,False,24,3
430,know,Half Life,4,1,10,False,10,2
431,the,Half Life,3,1,31,False,31,7
432,world,Half Life,5,1,2,False,2,1
433,is,Half Life,2,1,10,False,10,1
434,changin,Half Life,7,2,1,False,1,1
435,and,Half Life,3,1,19,False,19,2
436,upgradin,Half Life,8,3,1,False,1,1
437,faster,Half Life,6,2,9,False,9,1
438,than,Half Life,4,1,5,False,5,1
439,we,Half Life,2,1,3,True,3,1
440,can,Half Life,3,1,4,False,4,1
441,control,Half Life,7,2,1,False,1,1
442,sick,Half Life,4,1,1,False,1,1
443,of,Half Life,2,1,13,False,13,3
444,living,Half Life,6,2,1,False,1,1
445,in,Half Life,2,1,17,False,17,5
446,the,Half Life,3,1,31,False,31,7
447,old,Half Life,3,1,4,False,4,2
448,days,Half Life,4,1,1,False,1,1
449,mind,Half Life,4,1,7,False,7,1
450,burdened,Half Life,8,3,1,False,1,1
451,by,Half Life,2,0,2,False,2,1
452,the,Half Life,3,1,31,False,31,7
453,old,Half Life,3,1,4,False,4,2
454,ways,Half Life,4,1,1,False,1,1
455,keep,Half Life,4,2,2,False,2,1
456,trying,Half Life,6,1,2,False,2,1
457,to,Half Life,2,1,24,False,24,3
458,forget,Half Life,6,2,2,False,2,1
459,about,Half Life,5,3,3,False,3,2
460,it,Half Life,2,1,21,False,21,6
461,watch,Half Life,5,1,1,False,1,1
462,a,Half Life,1,1,21,False,21,5
463,video,Half Life,5,3,1,False,1,1
464,don't,Half Life,5,1,12,False,12,5
465,fret,Half Life,4,1,1,False,1,1
466,about,Half Life,5,3,3,False,3,2
467,it,Half Life,2,1,21,False,21,6
468,no,Half Life,2,1,8,False,8,2
469,you,Half Life,3,2,52,True,52,23
470,don't,Half Life,5,1,12,False,12,5
471,need,Half Life,4,2,3,False,3,2
472,it,Half Life,2,1,21,False,21,6
473,why,Half Life,3,0,3,False,3,1
474,you,Half Life,3,2,52,True,52,23
475,want,Half Life,4,1,3,False,3,3
476,it,Half Life,2,1,21,False,21,6
477,want,Half Life,4,1,3,False,3,3
478,it,Half Life,2,1,21,False,21,6
479,i,Half Life,1,1,67,True,67,22
480,don't,Half Life,5,1,12,False,12,5
481,see,Half Life,3,2,5,False,5,5
482,you,Half Life,3,2,52,True,52,23
483,moving,Half Life,6,2,7,False,7,3
484,on,Half Life,2,1,11,False,11,4
485,kid,Half Life,3,1,3,False,3,3
486,on,Half Life,2,1,11,False,11,4
487,kid,Half Life,3,1,3,False,3,3
488,i,Half Life,1,1,67,True,67,22
489,don't,Half Life,5,1,12,False,12,5
490,see,Half Life,3,2,5,False,5,5
491,you,Half Life,3,2,52,True,52,23
492,moving,Half Life,6,2,7,False,7,3
493,on,Half Life,2,1,11,False,11,4
494,kid,Half Life,3,1,3,False,3,3
495,no,Half Life,2,1,8,False,8,2
496,i,Half Life,1,1,67,True,67,22
497,don't,Half Life,5,1,12,False,12,5
498,see,Half Life,3,2,5,False,5,5
499,you,Half Life,3,2,52,True,52,23
500,moving,Half Life,6,2,7,False,7,3
501,on,Half Life,2,1,11,False,11,4
502,now,Half Life,3,1,10,False,10,1
503,i,Half Life,1,1,67,True,67,22
504,see,Half Life,3,2,5,False,5,5
505,i,Half Life,1,1,67,True,67,22
506,let,Half Life,3,1,3,False,3,2
507,these,Half Life,5,2,3,False,3,2
508,people,Half Life,6,3,2,False,2,2
509,dig,Half Life,3,1,1,False,1,1
510,their,Half Life,5,2,1,True,1,1
511,hooks,Half Life,5,2,1,False,1,1
512,in,Half Life,2,1,17,False,17,5
513,me,Half Life,2,1,21,True,21,7
514,and,Half Life,3,1,19,False,19,2
515,i,Half Life,1,1,67,True,67,22
516,consider,Half Life,8,3,1,False,1,1
517,myself,Half Life,6,1,2,True,2,1
518,a,Half Life,1,1,21,False,21,5
519,fool,Half Life,4,2,2,False,2,2
520,plugged,Half Life,7,2,2,False,2,2
521,in,Half Life,2,1,17,False,17,5
522,half,Half Life,4,1,2,False,2,2
523,life,Half Life,4,2,8,False,8,2
524,god,Half Life,3,1,7,False,7,2
525,you're,Half Life,6,3,1,True,1,1
526,a,Half Life,1,1,21,False,21,5
527,fool,Half Life,4,2,2,False,2,2
528,you,Half Life,3,2,52,True,52,23
529,think,Half Life,5,1,2,False,2,2
530,these,Half Life,5,2,3,False,3,2
531,people,Half Life,6,3,2,False,2,2
532,really,Half Life,6,2,6,False,6,2
533,care,Half Life,4,2,18,False,18,1
534,for,Half Life,3,1,11,False,11,3
535,you,Half Life,3,2,52,True,52,23
536,you,Half Life,3,2,52,True,52,23
537,really,Half Life,6,2,6,False,6,2
538,think,Half Life,5,1,2,False,2,2
539,they,Half Life,4,1,1,True,1,1
540,will,Half Life,4,1,2,False,2,1
541,be,Half Life,2,1,6,False,6,2
542,there,Half Life,5,2,1,False,1,1
543,for,Half Life,3,1,11,False,11,3
544,you,Half Life,3,2,52,True,52,23
545,plugged,Half Life,7,2,2,False,2,2
546,in,Half Life,2,1,17,False,17,5
547,that's,Half Life,6,1,4,False,4,1
548,a,Half Life,1,1,21,False,21,5
549,half,Half Life,4,1,2,False,2,2
550,life,Half Life,4,2,8,False,8,2
551,i,Half Life,1,1,67,True,67,22
552,know,Half Life,4,1,10,False,10,2
553,you,Half Life,3,2,52,True,52,23
554,i,Half Life,1,1,67,True,67,22
555,love,Half Life,4,2,2,False,2,1
556,you,Half Life,3,2,52,True,52,23
557,i,Half Life,1,1,67,True,67,22
558,want,Half Life,4,1,3,False,3,3
559,you,Half Life,3,2,52,True,52,23
560,i,Half Life,1,1,67,True,67,22
561,need,Half Life,4,2,3,False,3,2
562,you,Half Life,3,2,52,True,52,23
563,you,Half Life,3,2,52,True,52,23
564,complete,Half Life,8,3,2,False,2,2
565,me,Half Life,2,1,21,True,21,7
566,you,Half Life,3,2,52,True,52,23
567,complete,Half Life,8,3,2,False,2,2
568,me,Half Life,2,1,21,True,21,7
569,i,Half Life,1,1,67,True,67,22
570,adore,Half Life,5,3,8,False,8,8
571,you,Half Life,3,2,52,True,52,23
572,i,Half Life,1,1,67,True,67,22
573,adore,Half Life,5,3,8,False,8,8
574,you,Half Life,3,2,52,True,52,23
575,i,Half Life,1,1,67,True,67,22
576,adore,Half Life,5,3,8,False,8,8
577,you,Half Life,3,2,52,True,52,23
578,i,Half Life,1,1,67,True,67,22
579,adore,Half Life,5,3,8,False,8,8
580,you,Half Life,3,2,52,True,52,23
581,i,Half Life,1,1,67,True,67,22
582,adore,Half Life,5,3,8,False,8,8
583,you,Half Life,3,2,52,True,52,23
584,i,Half Life,1,1,67,True,67,22
585,adore,Half Life,5,3,8,False,8,8
586,you,Half Life,3,2,52,True,52,23
587,i,Half Life,1,1,67,True,67,22
588,adore,Half Life,5,3,8,False,8,8
589,you,Half Life,3,2,52,True,52,23
590,i,Half Life,1,1,67,True,67,22
591,adore,Half Life,5,3,8,False,8,8
592,you,Half Life,3,2,52,True,52,23
593,red,Delete Ya,3,1,1,False,1,1
594,eye,Delete Ya,3,2,1,False,1,1
595,last,Delete Ya,4,1,2,False,2,1
596,minute,Delete Ya,6,3,1,False,1,1
597,flight,Delete Ya,6,1,1,False,1,1
598,i,Delete Ya,1,1,67,True,67,16
599,get,Delete Ya,3,1,3,False,3,2
600,in,Delete Ya,2,1,17,False,17,6
601,early,Delete Ya,5,2,1,False,1,1
602,i,Delete Ya,1,1,67,True,67,16
603,was,Delete Ya,3,1,4,False,4,1
604,roused,Delete Ya,6,3,1,False,1,1
605,by,Delete Ya,2,0,2,False,2,1
606,the,Delete Ya,3,1,31,False,31,11
607,light,Delete Ya,5,1,1,False,1,1
608,back,Delete Ya,4,1,9,False,9,6
609,in,Delete Ya,2,1,17,False,17,6
610,the,Delete Ya,3,1,31,False,31,11
611,city,Delete Ya,4,1,1,False,1,1
612,no,Delete Ya,2,1,8,False,8,1
613,longer,Delete Ya,6,2,1,False,1,1
614,my,Delete Ya,2,0,33,True,33,7
615,home,Delete Ya,4,2,2,False,2,2
616,trying,Delete Ya,6,1,2,False,2,1
617,to,Delete Ya,2,1,24,False,24,14
618,let,Delete Ya,3,1,3,False,3,1
619,it,Delete Ya,2,1,21,False,21,7
620,go,Delete Ya,2,1,1,False,1,1
621,i,Delete Ya,1,1,67,True,67,16
622,take,Delete Ya,4,2,2,False,2,2
623,a,Delete Ya,1,1,21,False,21,6
624,walk,Delete Ya,4,1,1,False,1,1
625,in,Delete Ya,2,1,17,False,17,6
626,hollywood,Delete Ya,9,3,1,False,1,1
627,my,Delete Ya,2,0,33,True,33,7
628,old,Delete Ya,3,1,4,False,4,1
629,apartment,Delete Ya,9,3,1,False,1,1
630,isn't,Delete Ya,5,1,1,False,1,1
631,looking,Delete Ya,7,3,1,False,1,1
632,too,Delete Ya,3,2,1,False,1,1
633,good,Delete Ya,4,2,1,False,1,1
634,then,Delete Ya,4,1,3,False,3,2
635,there's,Delete Ya,7,2,4,False,4,2
636,a,Delete Ya,1,1,21,False,21,6
637,lyric,Delete Ya,5,1,1,False,1,1
638,that,Delete Ya,4,1,15,False,15,6
639,in,Delete Ya,2,1,17,False,17,6
640,context,Delete Ya,7,2,1,False,1,1
641,stings,Delete Ya,6,1,1,False,1,1
642,the,Delete Ya,3,1,31,False,31,11
643,immediate,Delete Ya,9,5,1,False,1,1
644,pain,Delete Ya,4,2,1,False,1,1
645,it,Delete Ya,2,1,21,False,21,7
646,brings,Delete Ya,6,1,1,False,1,1
647,that,Delete Ya,4,1,15,False,15,6
648,song,Delete Ya,4,1,1,False,1,1
649,that,Delete Ya,4,1,15,False,15,6
650,you,Delete Ya,3,2,52,True,52,7
651,used,Delete Ya,4,2,1,False,1,1
652,to,Delete Ya,2,1,24,False,24,14
653,sing,Delete Ya,4,1,1,False,1,1
654,and,Delete Ya,3,1,19,False,19,11
655,now,Delete Ya,3,1,10,False,10,2
656,i'm,Delete Ya,3,1,13,True,13,6
657,back,Delete Ya,4,1,9,False,9,6
658,on,Delete Ya,2,1,11,False,11,2
659,your,Delete Ya,4,2,4,True,4,3
660,couch,Delete Ya,5,2,1,False,1,1
661,frozen,Delete Ya,6,2,1,False,1,1
662,peas,Delete Ya,4,2,1,False,1,1
663,to,Delete Ya,2,1,24,False,24,14
664,my,Delete Ya,2,0,33,True,33,7
665,head,Delete Ya,4,2,4,False,4,1
666,driving,Delete Ya,7,2,2,False,2,2
667,up,Delete Ya,2,1,7,False,7,5
668,to,Delete Ya,2,1,24,False,24,14
669,your,Delete Ya,4,2,4,True,4,3
670,folks,Delete Ya,5,1,1,False,1,1
671,cramming,Delete Ya,8,2,1,False,1,1
672,into,Delete Ya,4,2,1,False,1,1
673,your,Delete Ya,4,2,4,True,4,3
674,bed,Delete Ya,3,1,1,False,1,1
675,you,Delete Ya,3,2,52,True,52,7
676,picked,Delete Ya,6,2,1,False,1,1
677,me,Delete Ya,2,1,21,True,21,7
678,up,Delete Ya,2,1,7,False,7,5
679,every,Delete Ya,5,2,2,False,2,1
680,time,Delete Ya,4,2,2,False,2,1
681,drove,Delete Ya,5,2,1,False,1,1
682,me,Delete Ya,2,1,21,True,21,7
683,back,Delete Ya,4,1,9,False,9,6
684,to,Delete Ya,2,1,24,False,24,14
685,our,Delete Ya,3,2,2,True,2,2
686,home,Delete Ya,4,2,2,False,2,2
687,it,Delete Ya,2,1,21,False,21,7
688,doesn't,Delete Ya,7,2,2,False,2,2
689,leave,Delete Ya,5,3,1,False,1,1
690,you,Delete Ya,3,2,52,True,52,7
691,alone,Delete Ya,5,3,1,False,1,1
692,oh,Delete Ya,2,1,11,False,11,8
693,god,Delete Ya,3,1,7,False,7,5
694,i,Delete Ya,1,1,67,True,67,16
695,wish,Delete Ya,4,1,4,False,4,4
696,i,Delete Ya,1,1,67,True,67,16
697,could,Delete Ya,5,2,6,False,6,6
698,delete,Delete Ya,6,3,3,False,3,3
699,ya,Delete Ya,2,1,13,False,13,13
700,cause,Delete Ya,5,3,4,False,4,3
701,nothin,Delete Ya,6,2,3,False,3,3
702,can,Delete Ya,3,1,4,False,4,3
703,compete,Delete Ya,7,3,3,False,3,3
704,with,Delete Ya,4,1,5,False,5,5
705,ya,Delete Ya,2,1,13,False,13,13
706,i,Delete Ya,1,1,67,True,67,16
707,replenish,Delete Ya,9,3,4,False,4,4
708,and,Delete Ya,3,1,19,False,19,11
709,repeat,Delete Ya,6,3,6,False,6,6
710,ya,Delete Ya,2,1,13,False,13,13
711,a,Delete Ya,1,1,21,False,21,6
712,heart,Delete Ya,5,2,4,False,4,4
713,excretes,Delete Ya,8,3,1,False,1,1
714,only,Delete Ya,4,1,3,False,3,2
715,one,Delete Ya,3,2,4,True,4,4
716,of,Delete Ya,2,1,13,False,13,5
717,us,Delete Ya,2,1,5,True,5,5
718,only,Delete Ya,4,1,3,False,3,2
719,one,Delete Ya,3,2,4,True,4,4
720,blue,Delete Ya,4,2,2,False,2,1
721,and,Delete Ya,3,1,19,False,19,11
722,gold,Delete Ya,4,1,1,False,1,1
723,friday,Delete Ya,6,2,1,False,1,1
724,night,Delete Ya,5,1,1,False,1,1
725,team,Delete Ya,4,2,2,False,2,1
726,up,Delete Ya,2,1,7,False,7,5
727,with,Delete Ya,4,1,5,False,5,5
728,charlie,Delete Ya,7,3,1,False,1,1
729,take,Delete Ya,4,2,2,False,2,2
730,these,Delete Ya,5,2,3,False,3,1
731,kids,Delete Ya,4,1,1,False,1,1
732,for,Delete Ya,3,1,11,False,11,3
733,a,Delete Ya,1,1,21,False,21,6
734,ride,Delete Ya,4,2,1,False,1,1
735,why's,Delete Ya,5,0,1,False,1,1
736,my,Delete Ya,2,0,33,True,33,7
737,heart,Delete Ya,5,2,4,False,4,4
738,pounding,Delete Ya,8,3,1,False,1,1
739,beating,Delete Ya,7,3,1,False,1,1
740,out,Delete Ya,3,2,2,False,2,2
741,of,Delete Ya,2,1,13,False,13,5
742,my,Delete Ya,2,0,33,True,33,7
743,chest,Delete Ya,5,1,2,False,2,2
744,remember,Delete Ya,8,3,1,False,1,1
745,to,Delete Ya,2,1,24,False,24,14
746,try,Delete Ya,3,0,1,False,1,1
747,and,Delete Ya,3,1,19,False,19,11
748,forget,Delete Ya,6,2,2,False,2,1
749,i'm,Delete Ya,3,1,13,True,13,6
750,locked,Delete Ya,6,2,1,False,1,1
751,she's,Delete Ya,5,1,11,True,11,1
752,the,Delete Ya,3,1,31,False,31,11
753,key,Delete Ya,3,1,1,False,1,1
754,i'm,Delete Ya,3,1,13,True,13,6
755,a,Delete Ya,1,1,21,False,21,6
756,boat,Delete Ya,4,2,1,False,1,1
757,that's,Delete Ya,6,1,4,False,4,1
758,sinking,Delete Ya,7,2,1,False,1,1
759,guess,Delete Ya,5,2,1,False,1,1
760,who's,Delete Ya,5,1,1,False,1,1
761,the,Delete Ya,3,1,31,False,31,11
762,sea,Delete Ya,3,2,1,False,1,1
763,it's,Delete Ya,4,1,2,False,2,1
764,hard,Delete Ya,4,1,1,False,1,1
765,to,Delete Ya,2,1,24,False,24,14
766,shake,Delete Ya,5,2,1,False,1,1
767,it,Delete Ya,2,1,21,False,21,7
768,off,Delete Ya,3,1,2,False,2,1
769,and,Delete Ya,3,1,19,False,19,11
770,get,Delete Ya,3,1,3,False,3,2
771,back,Delete Ya,4,1,9,False,9,6
772,to,Delete Ya,2,1,24,False,24,14
773,me,Delete Ya,2,1,21,True,21,7
774,when,Delete Ya,4,1,8,False,8,1
775,anything,Delete Ya,8,2,1,True,1,1
776,is,Delete Ya,2,1,10,False,10,2
777,a,Delete Ya,1,1,21,False,21,6
778,memory,Delete Ya,6,2,1,False,1,1
779,and,Delete Ya,3,1,19,False,19,11
780,you,Delete Ya,3,2,52,True,52,7
781,repeat,Delete Ya,6,3,6,False,6,6
782,to,Delete Ya,2,1,24,False,24,14
783,the,Delete Ya,3,1,31,False,31,11
784,nth,Delete Ya,3,0,1,False,1,1
785,degree,Delete Ya,6,3,1,False,1,1
786,and,Delete Ya,3,1,19,False,19,11
787,now,Delete Ya,3,1,10,False,10,2
788,i'm,Delete Ya,3,1,13,True,13,6
789,back,Delete Ya,4,1,9,False,9,6
790,in,Delete Ya,2,1,17,False,17,6
791,my,Delete Ya,2,0,33,True,33,7
792,truck,Delete Ya,5,1,1,False,1,1
793,i'm,Delete Ya,3,1,13,True,13,6
794,driving,Delete Ya,7,2,2,False,2,2
795,up,Delete Ya,2,1,7,False,7,5
796,to,Delete Ya,2,1,24,False,24,14
797,our,Delete Ya,3,2,2,True,2,2
798,place,Delete Ya,5,2,1,False,1,1
799,we're,Delete Ya,5,2,2,True,2,1
800,sitting,Delete Ya,7,2,1,False,1,1
801,dead,Delete Ya,4,2,1,False,1,1
802,on,Delete Ya,2,1,11,False,11,2
803,the,Delete Ya,3,1,31,False,31,11
804,ground,Delete Ya,6,2,1,False,1,1
805,there's,Delete Ya,7,2,4,False,4,2
806,nothing,Delete Ya,7,2,1,True,1,1
807,more,Delete Ya,4,2,1,False,1,1
808,to,Delete Ya,2,1,24,False,24,14
809,be,Delete Ya,2,1,6,False,6,3
810,said,Delete Ya,4,2,2,False,2,1
811,you,Delete Ya,3,2,52,True,52,7
812,kept,Delete Ya,4,1,1,False,1,1
813,it,Delete Ya,2,1,21,False,21,7
814,tight,Delete Ya,5,1,1,False,1,1
815,to,Delete Ya,2,1,24,False,24,14
816,the,Delete Ya,3,1,31,False,31,11
817,chest,Delete Ya,5,1,2,False,2,2
818,at,Delete Ya,2,1,21,False,21,1
819,someone,Delete Ya,7,4,2,True,2,1
820,else's,Delete Ya,6,2,1,False,1,1
821,expense,Delete Ya,7,3,1,False,1,1
822,that,Delete Ya,4,1,15,False,15,6
823,doesn't,Delete Ya,7,2,2,False,2,2
824,sound,Delete Ya,5,2,5,False,5,1
825,like,Delete Ya,4,2,5,False,5,3
826,real,Delete Ya,4,2,1,False,1,1
827,love,Delete Ya,4,2,2,False,2,1
828,oh,Delete Ya,2,1,11,False,11,8
829,god,Delete Ya,3,1,7,False,7,5
830,i,Delete Ya,1,1,67,True,67,16
831,wish,Delete Ya,4,1,4,False,4,4
832,i,Delete Ya,1,1,67,True,67,16
833,could,Delete Ya,5,2,6,False,6,6
834,delete,Delete Ya,6,3,3,False,3,3
835,ya,Delete Ya,2,1,13,False,13,13
836,cause,Delete Ya,5,3,4,False,4,3
837,nothin,Delete Ya,6,2,3,False,3,3
838,can,Delete Ya,3,1,4,False,4,3
839,compete,Delete Ya,7,3,3,False,3,3
840,with,Delete Ya,4,1,5,False,5,5
841,ya,Delete Ya,2,1,13,False,13,13
842,i,Delete Ya,1,1,67,True,67,16
843,replenish,Delete Ya,9,3,4,False,4,4
844,and,Delete Ya,3,1,19,False,19,11
845,repeat,Delete Ya,6,3,6,False,6,6
846,ya,Delete Ya,2,1,13,False,13,13
847,i'd,Delete Ya,3,1,3,True,3,3
848,replenish,Delete Ya,9,3,4,False,4,4
849,and,Delete Ya,3,1,19,False,19,11
850,repeat,Delete Ya,6,3,6,False,6,6
851,ya,Delete Ya,2,1,13,False,13,13
852,i,Delete Ya,1,1,67,True,67,16
853,wanna,Delete Ya,5,2,1,False,1,1
854,know,Delete Ya,4,1,10,False,10,1
855,just,Delete Ya,4,1,2,False,2,2
856,two,Delete Ya,3,1,4,False,4,4
857,weeks,Delete Ya,5,2,1,False,1,1
858,how'd,Delete Ya,5,1,1,False,1,1
859,you,Delete Ya,3,2,52,True,52,7
860,cut,Delete Ya,3,1,1,False,1,1
861,it,Delete Ya,2,1,21,False,21,7
862,like,Delete Ya,4,2,5,False,5,3
863,that,Delete Ya,4,1,15,False,15,6
864,maybe,Delete Ya,5,2,1,False,1,1
865,you,Delete Ya,3,2,52,True,52,7
866,show,Delete Ya,4,1,1,False,1,1
867,me,Delete Ya,2,1,21,True,21,7
868,how,Delete Ya,3,1,1,False,1,1
869,i'm,Delete Ya,3,1,13,True,13,6
870,built,Delete Ya,5,2,1,False,1,1
871,different,Delete Ya,9,3,1,False,1,1
872,i,Delete Ya,1,1,67,True,67,16
873,don't,Delete Ya,5,1,12,False,12,1
874,work,Delete Ya,4,1,1,False,1,1
875,like,Delete Ya,4,2,5,False,5,3
876,that,Delete Ya,4,1,15,False,15,6
877,huh,Delete Ya,3,1,1,False,1,1
878,i,Delete Ya,1,1,67,True,67,16
879,got,Delete Ya,3,1,7,False,7,1
880,to,Delete Ya,2,1,24,False,24,14
881,repeat,Delete Ya,6,3,6,False,6,6
882,chew,Delete Ya,4,1,1,False,1,1
883,up,Delete Ya,2,1,7,False,7,5
884,spit,Delete Ya,4,1,1,False,1,1
885,out,Delete Ya,3,2,2,False,2,2
886,the,Delete Ya,3,1,31,False,31,11
887,blame,Delete Ya,5,2,1,False,1,1
888,complex,Delete Ya,7,2,1,False,1,1
889,in,Delete Ya,2,1,17,False,17,6
890,me,Delete Ya,2,1,21,True,21,7
891,me,Delete Ya,2,1,21,True,21,7
892,me,Delete Ya,2,1,21,True,21,7
893,oh,Delete Ya,2,1,11,False,11,8
894,god,Delete Ya,3,1,7,False,7,5
895,i,Delete Ya,1,1,67,True,67,16
896,wish,Delete Ya,4,1,4,False,4,4
897,i,Delete Ya,1,1,67,True,67,16
898,could,Delete Ya,5,2,6,False,6,6
899,delete,Delete Ya,6,3,3,False,3,3
900,ya,Delete Ya,2,1,13,False,13,13
901,cause,Delete Ya,5,3,4,False,4,3
902,nothin,Delete Ya,6,2,3,False,3,3
903,can,Delete Ya,3,1,4,False,4,3
904,compete,Delete Ya,7,3,3,False,3,3
905,with,Delete Ya,4,1,5,False,5,5
906,ya,Delete Ya,2,1,13,False,13,13
907,i'd,Delete Ya,3,1,3,True,3,3
908,replenish,Delete Ya,9,3,4,False,4,4
909,and,Delete Ya,3,1,19,False,19,11
910,repeat,Delete Ya,6,3,6,False,6,6
911,ya,Delete Ya,2,1,13,False,13,13
912,one,Delete Ya,3,2,4,True,4,4
913,heart,Delete Ya,5,2,4,False,4,4
914,could,Delete Ya,5,2,6,False,6,6
915,beat,Delete Ya,4,2,1,False,1,1
916,for,Delete Ya,3,1,11,False,11,3
917,the,Delete Ya,3,1,31,False,31,11
918,two,Delete Ya,3,1,4,False,4,4
919,of,Delete Ya,2,1,13,False,13,5
920,us,Delete Ya,2,1,5,True,5,5
921,two,Delete Ya,3,1,4,False,4,4
922,of,Delete Ya,2,1,13,False,13,5
923,us,Delete Ya,2,1,5,True,5,5
924,two,Delete Ya,3,1,4,False,4,4
925,of,Delete Ya,2,1,13,False,13,5
926,us,Delete Ya,2,1,5,True,5,5
927,oh,Delete Ya,2,1,11,False,11,8
928,oh,Delete Ya,2,1,11,False,11,8
929,oh,Delete Ya,2,1,11,False,11,8
930,oh,Delete Ya,2,1,11,False,11,8
931,god,Delete Ya,3,1,7,False,7,5
932,i,Delete Ya,1,1,67,True,67,16
933,wish,Delete Ya,4,1,4,False,4,4
934,i,Delete Ya,1,1,67,True,67,16
935,could,Delete Ya,5,2,6,False,6,6
936,release,Delete Ya,7,4,1,False,1,1
937,ya,Delete Ya,2,1,13,False,13,13
938,wind,Delete Ya,4,1,1,False,1,1
939,it,Delete Ya,2,1,21,False,21,7
940,back,Delete Ya,4,1,9,False,9,6
941,and,Delete Ya,3,1,19,False,19,11
942,never,Delete Ya,5,2,1,False,1,1
943,be,Delete Ya,2,1,6,False,6,3
944,with,Delete Ya,4,1,5,False,5,5
945,ya,Delete Ya,2,1,13,False,13,13
946,then,Delete Ya,4,1,3,False,3,2
947,i'd,Delete Ya,3,1,3,True,3,3
948,be,Delete Ya,2,1,6,False,6,3
949,happy,Delete Ya,5,1,1,False,1,1
950,just,Delete Ya,4,1,2,False,2,2
951,to,Delete Ya,2,1,24,False,24,14
952,meet,Delete Ya,4,2,1,False,1,1
953,ya,Delete Ya,2,1,13,False,13,13
954,oh,Delete Ya,2,1,11,False,11,8
955,my,Delete Ya,2,0,33,True,33,7
956,god,Delete Ya,3,1,7,False,7,5
957,one,Delete Ya,3,2,4,True,4,4
958,heart,Delete Ya,5,2,4,False,4,4
959,could,Delete Ya,5,2,6,False,6,6
960,bleed,Delete Ya,5,2,1,False,1,1
961,for,Delete Ya,3,1,11,False,11,3
962,the,Delete Ya,3,1,31,False,31,11
963,future,Delete Ya,6,3,1,False,1,1
964,us,Delete Ya,2,1,5,True,5,5
965,if,Delete Ya,2,1,1,False,1,1
966,we,Delete Ya,2,1,3,True,3,1
967,were,Delete Ya,4,2,1,False,1,1
968,young,Delete Ya,5,2,1,False,1,1
969,but,Delete Ya,3,1,3,False,3,1
970,this,Delete Ya,4,1,2,False,2,1
971,is,Delete Ya,2,1,10,False,10,2
972,done,Delete Ya,4,2,1,False,1,1
973,i,Purgatory Silverstar,1,1,67,True,67,7
974,knew,Purgatory Silverstar,4,1,3,False,3,3
975,a,Purgatory Silverstar,1,1,21,False,21,9
976,girl,Purgatory Silverstar,4,1,5,False,5,5
977,she,Purgatory Silverstar,3,1,4,True,4,4
978,knocked,Purgatory Silverstar,7,2,1,False,1,1
979,at,Purgatory Silverstar,2,1,21,False,21,1
980,my,Purgatory Silverstar,2,0,33,True,33,10
981,door,Purgatory Silverstar,4,2,1,False,1,1
982,head,Purgatory Silverstar,4,2,4,False,4,1
983,in,Purgatory Silverstar,2,1,17,False,17,5
984,the,Purgatory Silverstar,3,1,31,False,31,8
985,clouds,Purgatory Silverstar,6,2,1,False,1,1
986,feet,Purgatory Silverstar,4,2,1,False,1,1
987,off,Purgatory Silverstar,3,1,2,False,2,1
988,the,Purgatory Silverstar,3,1,31,False,31,8
989,floor,Purgatory Silverstar,5,2,1,False,1,1
990,i,Purgatory Silverstar,1,1,67,True,67,7
991,knew,Purgatory Silverstar,4,1,3,False,3,3
992,a,Purgatory Silverstar,1,1,21,False,21,9
993,girl,Purgatory Silverstar,4,1,5,False,5,5
994,she,Purgatory Silverstar,3,1,4,True,4,4
995,brought,Purgatory Silverstar,7,2,2,False,2,2
996,me,Purgatory Silverstar,2,1,21,True,21,3
997,life,Purgatory Silverstar,4,2,8,False,8,6
998,back,Purgatory Silverstar,4,1,9,False,9,3
999,when,Purgatory Silverstar,4,1,8,False,8,2
1000,the,Purgatory Silverstar,3,1,31,False,31,8
1001,girl,Purgatory Silverstar,4,1,5,False,5,5
1002,was,Purgatory Silverstar,3,1,4,False,4,2
1003,mine,Purgatory Silverstar,4,2,2,True,2,2
1004,da,Purgatory Silverstar,2,1,21,False,21,21
1005,da,Purgatory Silverstar,2,1,21,False,21,21
1006,da,Purgatory Silverstar,2,1,21,False,21,21
1007,da,Purgatory Silverstar,2,1,21,False,21,21
1008,da,Purgatory Silverstar,2,1,21,False,21,21
1009,da,Purgatory Silverstar,2,1,21,False,21,21
1010,da,Purgatory Silverstar,2,1,21,False,21,21
1011,da,Purgatory Silverstar,2,1,21,False,21,21
1012,da,Purgatory Silverstar,2,1,21,False,21,21
1013,da,Purgatory Silverstar,2,1,21,False,21,21
1014,da,Purgatory Silverstar,2,1,21,False,21,21
1015,da,Purgatory Silverstar,2,1,21,False,21,21
1016,da,Purgatory Silverstar,2,1,21,False,21,21
1017,da,Purgatory Silverstar,2,1,21,False,21,21
1018,da,Purgatory Silverstar,2,1,21,False,21,21
1019,da,Purgatory Silverstar,2,1,21,False,21,21
1020,da,Purgatory Silverstar,2,1,21,False,21,21
1021,da,Purgatory Silverstar,2,1,21,False,21,21
1022,she,Purgatory Silverstar,3,1,4,True,4,4
1023,knocks,Purgatory Silverstar,6,1,2,False,2,2
1024,and,Purgatory Silverstar,3,1,19,False,19,2
1025,knocks,Purgatory Silverstar,6,1,2,False,2,2
1026,ah,Purgatory Silverstar,2,1,2,False,2,2
1027,i,Purgatory Silverstar,1,1,67,True,67,7
1028,knew,Purgatory Silverstar,4,1,3,False,3,3
1029,a,Purgatory Silverstar,1,1,21,False,21,9
1030,girl,Purgatory Silverstar,4,1,5,False,5,5
1031,she,Purgatory Silverstar,3,1,4,True,4,4
1032,brought,Purgatory Silverstar,7,2,2,False,2,2
1033,me,Purgatory Silverstar,2,1,21,True,21,3
1034,life,Purgatory Silverstar,4,2,8,False,8,6
1035,back,Purgatory Silverstar,4,1,9,False,9,3
1036,when,Purgatory Silverstar,4,1,8,False,8,2
1037,the,Purgatory Silverstar,3,1,31,False,31,8
1038,girl,Purgatory Silverstar,4,1,5,False,5,5
1039,was,Purgatory Silverstar,3,1,4,False,4,2
1040,mine,Purgatory Silverstar,4,2,2,True,2,2
1041,it,Purgatory Silverstar,2,1,21,False,21,3
1042,feels,Purgatory Silverstar,5,2,1,False,1,1
1043,like,Purgatory Silverstar,4,2,5,False,5,1
1044,a,Purgatory Silverstar,1,1,21,False,21,9
1045,big,Purgatory Silverstar,3,1,1,False,1,1
1046,waste,Purgatory Silverstar,5,2,1,False,1,1
1047,of,Purgatory Silverstar,2,1,13,False,13,5
1048,time,Purgatory Silverstar,4,2,2,False,2,1
1049,i,Purgatory Silverstar,1,1,67,True,67,7
1050,don't,Purgatory Silverstar,5,1,12,False,12,1
1051,seem,Purgatory Silverstar,4,2,1,False,1,1
1052,to,Purgatory Silverstar,2,1,24,False,24,3
1053,mind,Purgatory Silverstar,4,1,7,False,7,1
1054,oh,Purgatory Silverstar,2,1,11,False,11,2
1055,ooh,Purgatory Silverstar,3,2,2,False,2,2
1056,woah,Purgatory Silverstar,4,2,2,False,2,2
1057,why,Purgatory Silverstar,3,0,3,False,3,2
1058,oh,Purgatory Silverstar,2,1,11,False,11,2
1059,ooh,Purgatory Silverstar,3,2,2,False,2,2
1060,woah,Purgatory Silverstar,4,2,2,False,2,2
1061,but,Purgatory Silverstar,3,1,3,False,3,1
1062,life,Purgatory Silverstar,4,2,8,False,8,6
1063,keeps,Purgatory Silverstar,5,2,1,False,1,1
1064,swallowing,Purgatory Silverstar,10,3,1,False,1,1
1065,that's,Purgatory Silverstar,6,1,4,False,4,1
1066,why,Purgatory Silverstar,3,0,3,False,3,2
1067,i,Purgatory Silverstar,1,1,67,True,67,7
1068,learned,Purgatory Silverstar,7,3,1,False,1,1
1069,to,Purgatory Silverstar,2,1,24,False,24,3
1070,cook,Purgatory Silverstar,4,2,1,False,1,1
1071,ah,Purgatory Silverstar,2,1,2,False,2,2
1072,burp,Purgatory Silverstar,4,1,1,False,1,1
1073,houston,Purgatory Silverstar,7,3,1,False,1,1
1074,i'm,Purgatory Silverstar,3,1,13,True,13,2
1075,a,Purgatory Silverstar,1,1,21,False,21,9
1076,vacuum,Purgatory Silverstar,6,3,1,False,1,1
1077,sealed,Purgatory Silverstar,6,3,2,False,2,1
1078,body,Purgatory Silverstar,4,1,2,False,2,2
1079,bag,Purgatory Silverstar,3,1,1,False,1,1
1080,in,Purgatory Silverstar,2,1,17,False,17,5
1081,a,Purgatory Silverstar,1,1,21,False,21,9
1082,crafted,Purgatory Silverstar,7,2,1,False,1,1
1083,metabolic,Purgatory Silverstar,9,4,1,False,1,1
1084,way,Purgatory Silverstar,3,1,3,False,3,1
1085,salutations,Purgatory Silverstar,11,5,1,False,1,1
1086,to,Purgatory Silverstar,2,1,24,False,24,3
1087,the,Purgatory Silverstar,3,1,31,False,31,8
1088,old,Purgatory Silverstar,3,1,4,False,4,1
1089,world,Purgatory Silverstar,5,1,2,False,2,1
1090,hundred,Purgatory Silverstar,7,2,1,False,1,1
1091,oysters,Purgatory Silverstar,7,2,1,False,1,1
1092,for,Purgatory Silverstar,3,1,11,False,11,5
1093,a,Purgatory Silverstar,1,1,21,False,21,9
1094,single,Purgatory Silverstar,6,2,2,False,2,1
1095,pearl,Purgatory Silverstar,5,2,1,False,1,1
1096,yeah,Purgatory Silverstar,4,2,3,False,3,1
1097,life,Purgatory Silverstar,4,2,8,False,8,6
1098,is,Purgatory Silverstar,2,1,10,False,10,2
1099,da,Purgatory Silverstar,2,1,21,False,21,21
1100,da,Purgatory Silverstar,2,1,21,False,21,21
1101,da,Purgatory Silverstar,2,1,21,False,21,21
1102,this,Purgatory Silverstar,4,1,2,False,2,1
1103,is,Purgatory Silverstar,2,1,10,False,10,2
1104,purgatory,Purgatory Silverstar,9,3,1,False,1,1
1105,silverstar,Purgatory Silverstar,10,3,1,False,1,1
1106,only,Purgatory Silverstar,4,1,3,False,3,1
1107,me,Purgatory Silverstar,2,1,21,True,21,3
1108,myself,Purgatory Silverstar,6,1,2,True,2,1
1109,and,Purgatory Silverstar,3,1,19,False,19,2
1110,radio,Purgatory Silverstar,5,3,1,False,1,1
1111,deep,Purgatory Silverstar,4,2,1,False,1,1
1112,space,Purgatory Silverstar,5,2,1,False,1,1
1113,d,Purgatory Silverstar,1,0,1,False,1,1
1114,ad,Purgatory Silverstar,2,1,1,False,1,1
1115,weight,Purgatory Silverstar,6,2,1,False,1,1
1116,body,Purgatory Silverstar,4,1,2,False,2,2
1117,breaking,Purgatory Silverstar,8,3,1,False,1,1
1118,lonelin,Purgatory Silverstar,7,3,1,False,1,1
1119,ss,Purgatory Silverstar,2,0,1,False,1,1
1120,it's,Purgatory Silverstar,4,1,2,False,2,1
1121,the,Purgatory Silverstar,3,1,31,False,31,8
1122,end,Purgatory Silverstar,3,1,1,False,1,1
1123,so,Purgatory Silverstar,2,1,2,False,2,2
1124,bye,Purgatory Silverstar,3,1,2,False,2,2
1125,bye,Purgatory Silverstar,3,1,2,False,2,2
1126,blue,Purgatory Silverstar,4,2,2,False,2,1
1127,in,Purgatory Silverstar,2,1,17,False,17,5
1128,my,Purgatory Silverstar,2,0,33,True,33,10
1129,dreams,Purgatory Silverstar,6,2,1,False,1,1
1130,i'm,Purgatory Silverstar,3,1,13,True,13,2
1131,back,Purgatory Silverstar,4,1,9,False,9,3
1132,on,Purgatory Silverstar,2,1,11,False,11,1
1133,you,Purgatory Silverstar,3,2,52,True,52,3
1134,i,Purgatory Silverstar,1,1,67,True,67,7
1135,took,Purgatory Silverstar,4,2,2,False,2,2
1136,it,Purgatory Silverstar,2,1,21,False,21,3
1137,for,Purgatory Silverstar,3,1,11,False,11,5
1138,granted,Purgatory Silverstar,7,2,2,False,2,2
1139,all,Purgatory Silverstar,3,1,21,False,21,2
1140,that,Purgatory Silverstar,4,1,15,False,15,2
1141,you,Purgatory Silverstar,3,2,52,True,52,3
1142,do,Purgatory Silverstar,2,1,15,False,15,2
1143,coming,Purgatory Silverstar,6,2,1,False,1,1
1144,up,Purgatory Silverstar,2,1,7,False,7,2
1145,empty,Purgatory Silverstar,5,1,2,False,2,2
1146,handed,Purgatory Silverstar,6,2,2,False,2,2
1147,in,Purgatory Silverstar,2,1,17,False,17,5
1148,a,Purgatory Silverstar,1,1,21,False,21,9
1149,patchwork,Purgatory Silverstar,9,2,2,False,2,2
1150,of,Purgatory Silverstar,2,1,13,False,13,5
1151,truth,Purgatory Silverstar,5,1,2,False,2,2
1152,so,Purgatory Silverstar,2,1,2,False,2,2
1153,for,Purgatory Silverstar,3,1,11,False,11,5
1154,the,Purgatory Silverstar,3,1,31,False,31,8
1155,rest,Purgatory Silverstar,4,1,2,False,2,2
1156,of,Purgatory Silverstar,2,1,13,False,13,5
1157,my,Purgatory Silverstar,2,0,33,True,33,10
1158,life,Purgatory Silverstar,4,2,8,False,8,6
1159,i'll,Purgatory Silverstar,4,1,6,True,6,6
1160,pay,Purgatory Silverstar,3,1,6,False,6,6
1161,my,Purgatory Silverstar,2,0,33,True,33,10
1162,dues,Purgatory Silverstar,4,2,6,False,6,6
1163,i'll,Purgatory Silverstar,4,1,6,True,6,6
1164,pay,Purgatory Silverstar,3,1,6,False,6,6
1165,my,Purgatory Silverstar,2,0,33,True,33,10
1166,dues,Purgatory Silverstar,4,2,6,False,6,6
1167,i'll,Purgatory Silverstar,4,1,6,True,6,6
1168,pay,Purgatory Silverstar,3,1,6,False,6,6
1169,my,Purgatory Silverstar,2,0,33,True,33,10
1170,dues,Purgatory Silverstar,4,2,6,False,6,6
1171,i,Purgatory Silverstar,1,1,67,True,67,7
1172,took,Purgatory Silverstar,4,2,2,False,2,2
1173,it,Purgatory Silverstar,2,1,21,False,21,3
1174,for,Purgatory Silverstar,3,1,11,False,11,5
1175,granted,Purgatory Silverstar,7,2,2,False,2,2
1176,all,Purgatory Silverstar,3,1,21,False,21,2
1177,that,Purgatory Silverstar,4,1,15,False,15,2
1178,you,Purgatory Silverstar,3,2,52,True,52,3
1179,do,Purgatory Silverstar,2,1,15,False,15,2
1180,comin,Purgatory Silverstar,5,2,1,False,1,1
1181,up,Purgatory Silverstar,2,1,7,False,7,2
1182,empty,Purgatory Silverstar,5,1,2,False,2,2
1183,handed,Purgatory Silverstar,6,2,2,False,2,2
1184,in,Purgatory Silverstar,2,1,17,False,17,5
1185,a,Purgatory Silverstar,1,1,21,False,21,9
1186,patchwork,Purgatory Silverstar,9,2,2,False,2,2
1187,of,Purgatory Silverstar,2,1,13,False,13,5
1188,truth,Purgatory Silverstar,5,1,2,False,2,2
1189,for,Purgatory Silverstar,3,1,11,False,11,5
1190,the,Purgatory Silverstar,3,1,31,False,31,8
1191,rest,Purgatory Silverstar,4,1,2,False,2,2
1192,of,Purgatory Silverstar,2,1,13,False,13,5
1193,my,Purgatory Silverstar,2,0,33,True,33,10
1194,life,Purgatory Silverstar,4,2,8,False,8,6
1195,i'll,Purgatory Silverstar,4,1,6,True,6,6
1196,pay,Purgatory Silverstar,3,1,6,False,6,6
1197,my,Purgatory Silverstar,2,0,33,True,33,10
1198,dues,Purgatory Silverstar,4,2,6,False,6,6
1199,i'll,Purgatory Silverstar,4,1,6,True,6,6
1200,pay,Purgatory Silverstar,3,1,6,False,6,6
1201,my,Purgatory Silverstar,2,0,33,True,33,10
1202,dues,Purgatory Silverstar,4,2,6,False,6,6
1203,i'll,Purgatory Silverstar,4,1,6,True,6,6
1204,pay,Purgatory Silverstar,3,1,6,False,6,6
1205,my,Purgatory Silverstar,2,0,33,True,33,10
1206,dues,Purgatory Silverstar,4,2,6,False,6,6
